brand,avg_sale,avg_profit,avg_profit_pct,count
Mixed,818.8482142857143,637.4196428571429,363.2449194446429,112
Adidas,435.6863237139272,,,797
