Sneaker,Sale
Air Jordan 1 Retro High Off White Chicago,1554.8666666666666
350-Low-Moonrock,1210.0
350-Low-Oxford-Tan,1183.6666666666667
Air Presto Off White,1126.8125
350-Low-Pirate-Black-2016,1000.0
350-V2-Core-Black-Red,925.0
350-Low-Pirate-Black-2015,886.0
350-Low-V2-Beluga,830.0909090909091
350-V2-Core-Black-Red-2017,812.9411764705883
Air VaporMax Off White,794.4166666666666
